<?xml version="1.0" encoding="UTF-8"?>
<user>
	<kouji_number>TEST00001</kouji_number>
	<spaceFinderId>1234</spaceFinderId>
	<shohin_code>0X695M</shohin_code>
	<juto_code>Z8X</juto_code> <!-- 70 -->
	<juto_code>8CG</juto_code> <!-- 40 -->
	<juto_code>*01</juto_code> <!-- 1 -->
	<bikou></bikou>
</user>

<!--89119 - RIB32301 - 127 
	88603 - RIB18501 - 25 
	78941 - BG0043701 - 93 
	84566 - RHB86501 - 77 
	78940 - BG0043601 - 91 
	83546 - RGBH5801 - 80 
	83547 - RGBH5901 - 80 
	84669 - BH0018601 - 80 
	84670 - BH0018701 - 79 
	89130 - BH0056901 - 75 -->

